Player,Style
Joe Smith,Balanced
DeShawn Stevenson,Defensive
Troy Murphy,Offensive
Gerald Wallace,Defensive
Mehmet Okur,Offensive
Dan Gadzuric,Defensive
Travis Outlaw,Offensive
Keith Bogans,Defensive
Quinton Ross,Defensive
Devin Harris,Offensive
Kris Humphries,Balanced
Sasha Vujacic,Offensive
Andre Emmett,Offensive
Deron Williams,Offensive
Gerald Green,Offensive
Johan Petro,Defensive
Orien Greene,Defensive
Stephen Graham,Offensive
Shelden Williams,Defensive
Shawne Williams,Offensive
Jordan Farmar,Offensive
Brandan Wright,Offensive
Mario West,Defensive
Brook Lopez,Offensive
Anthony Morrow,Offensive
Terrence Williams,Balanced
Larry Owens,Defensive
Sundiata Gaines,Offensive
Derrick Favors,Defensive
Damion James,Defensive
Armon Johnson,Defensive
Ben Uzoh,Defensive
Jerry Smith,Offensive
MarShon Brooks,Offensive
Jordan Williams,Defensive
Dennis Horner,Offensive
Jerry Stackhouse,Offensive
Erick Dampier,Defensive
Tracy McGrady,Offensive
Mike Bibby,Offensive
Vince Carter,Offensive
Elton Brand,Balanced
Jamal Crawford,Offensive
Etan Thomas,Defensive
Joe Johnson,Offensive
Vladimir Radmanovic,Offensive
Jason Collins,Defensive
Maurice Evans,Defensive
Mike Dunleavy,Offensive
Jannero Pargo,Offensive
Kirk Hinrich,Defensive
Dahntay Jones,Defensive
Willie Green,Offensive
Zaza Pachulia,Defensive
Kyle Korver,Offensive
Josh Powell,Defensive
Dwight Howard,Defensive
Josh Smith,Defensive
Damien Wilkins,Defensive
Marvin Williams,Balanced
Ersan Ilyasova,Offensive
Lou Williams,Offensive
Jose Calderon,Offensive
Hilton Armstrong,Defensive
Thabo Sefolosha,Defensive
Rajon Rondo,Defensive
Paul Millsap,Balanced
Al Horford,Balanced
Marco Belinelli,Offensive
Tiago Splitter,Defensive
Anthony Tolliver,Balanced
Ivan Johnson,Defensive
Danilo Gallinari,Offensive
Cartier Martin,Offensive
Austin Daye,Offensive
Jeff Teague,Balanced
DeMarre Carroll,Defensive
Patty Mills,Offensive
Wesley Matthews,Balanced
Evan Turner,Balanced
Luke Babbitt,Offensive
Jordan Crawford,Offensive
Dexter Pittman,Defensive
Lance Stephenson,Balanced
Pape Sy,Defensive
Jeremy Evans,Defensive
Donald Sloan,Offensive
Gary Neal,Offensive
Jeremy Lin,Balanced
Shelvin Mack,Balanced
Chandler Parsons,Balanced
Jeremy Tyler,Offensive
Gustavo Ayón,Defensive
Tyler Zeller,Defensive
John Jenkins,Offensive
Jared Cunningham,Offensive
Miles Plumlee,Defensive
Mike Scott,Offensive
Kent Bazemore,Defensive
Justin Holiday,Defensive
James Nunnally,Offensive
Alex Len,Defensive
Allen Crabbe,Offensive
Dennis Schröder,Balanced
Dewayne Dedmon,Defensive
Gorgui Dieng,Defensive
Mike Muscala,Offensive
Tim Hardaway Jr.,Offensive
Tony Snell,Defensive
Solomon Hill,Defensive
Ryan Kelly,Offensive
Pero Antić,Offensive
Josh Magette,Offensive
Lamar Patterson,Offensive
Adreian Payne,Offensive
Jabari Parker,Offensive
Clint Capela,Defensive
Bogdan Bogdanović,Balanced
Edy Tavares,Defensive
Jarell Eddie,Offensive
Justin Anderson,Defensive
Delon Wright,Balanced
Frank Kaminsky,Offensive
Treveon Graham,Defensive
Jordan Sibert,Offensive
Malcolm Delaney,Offensive
Deyonta Davis,Defensive
Kris Dunn,Defensive
Damian Jones,Defensive
Dejounte Murray,Balanced
Taurean Prince,Balanced
Cat Barber,Offensive
DeAndre' Bembry,Balanced
Daniel Hamilton,Offensive
Timothé Luwawu-Cabarrot,Defensive
Damion Lee,Balanced
Alex Poythress,Defensive
Isaiah Taylor,Offensive
Tyrone Wallace,Defensive
Nicolás Brussino,Offensive
John Collins,Balanced
Wes Iwundu,Defensive
Tyler Dorsey,Offensive
Cameron Oliver,Defensive
Tyler Cavanaugh,Offensive
Antonius Cleveland,Defensive
Andrew White III,Offensive
Jaylen Morris,Defensive
Paul Watson,Defensive
Bruno Fernando,Defensive
Aaron Holiday,Balanced
Kevin Huerter,Balanced
Kevin Knox II,Offensive
Omari Spellman,Offensive
Trae Young,Offensive
Jaylen Adams,Offensive
Brandon Goodwin,Offensive
BJ Johnson,Offensive
Isaac Humphries,Defensive
Justin Tillman,Offensive
Chris Clemons,Offensive
Cam Reddish,Defensive
De'Andre Hunter,Balanced
Jarrett Culver,Defensive
Dylan Windler,Offensive
Charlie Brown Jr.,Defensive
Garrison Mathews,Offensive
Onyeka Okongwu,Defensive
Saddiq Bey,Balanced
Skylar Mays,Offensive
Nathan Knight,Offensive
Trent Forrest,Defensive
Vit Krejci,Offensive
Sharife Cooper,Offensive
Jalen Johnson,Defensive
Chaundee Brown,Defensive
Malik Ellison,Defensive
Malcolm Hill,Offensive
AJ Griffin,Balanced
Tyrese Martin,Defensive
Mouhamed Gueye,Defensive
Donovan Williams,Offensive
Kobe Bufkin,Balanced
Seth Lundy,Offensive
Miles Norris,Offensive
Kevin Garnett,Balanced
Paul Pierce,Balanced
Jason Terry,Offensive
Andrei Kirilenko,Defensive
Luis Scola,Offensive
Reggie Evans,Defensive
Shaun Livingston,Balanced
Josh Childress,Defensive
Jarrett Jack,Offensive
Andray Blatche,Balanced
Alan Anderson,Offensive
Andrea Bargnani,Offensive
LaMarcus Aldridge,Balanced
Randy Foye,Offensive
Kevin Durant,Balanced
Jeff Green,Balanced
Thaddeus Young,Balanced
Jared Dudley,Balanced
Wilson Chandler,Balanced
C.J. Watson,Offensive
DeAndre Jordan,Defensive
Goran Dragić,Offensive
Blake Griffin,Balanced
James Harden,Offensive
Earl Clark,Defensive
James Johnson,Defensive
Wayne Ellington,Offensive
Dante Cunningham,Defensive
Marcus Thornton,Offensive
Garrett Temple,Balanced
Ed Davis,Defensive
Trevor Booker,Defensive
Greivis Vásquez,Offensive
Jerome Jordan,Defensive
Timofey Mozgov,Defensive
Lance Thomas,Defensive
Kyrie Irving,Offensive
Markieff Morris,Balanced
Iman Shumpert,Defensive
Kenneth Faried,Defensive
Bojan Bogdanović,Offensive
Darius Morris,Offensive
Thomas Robinson,Defensive
Andre Drummond,Balanced
Andrew Nicholson,Offensive
Marquis Teague,Offensive
Quincy Acy,Defensive
Tyshawn Taylor,Offensive
Justin Hamilton,Offensive
Kris Joseph,Offensive
Tornike Shengelia,Offensive
Mirza Teletović,Offensive
Henry Sims,Defensive
Willie Reed,Defensive
Jorge Gutiérrez,Defensive
Nerlens Noel,Defensive
Andre Roberson,Defensive
Anthony Bennett,Offensive
Archie Goodwin,Offensive
Mason Plumlee,Balanced
Shane Larkin,Offensive
Sergey Karasev,Offensive
James Ennis III,Balanced
Seth Curry,Offensive
Brandon Davies,Defensive
Norvel Pelle,Defensive
Shabazz Napier,Offensive
Markel Brown,Defensive
KJ McDaniels,Defensive
Spencer Dinwiddie,Balanced
Nik Stauskas,Offensive
Joe Harris,Offensive
Cory Jefferson,Defensive
Sean Kilpatrick,Offensive
T.J. Warren,Balanced
Noah Vonleh,Defensive
Tyler Johnson,Offensive
Langston Galloway,Offensive
Jahlil Okafor,Offensive
D'Angelo Russell,Balanced
Rashad Vaughn,Offensive
Rondae Hollis-Jefferson,Defensive
Chris McCullough,Defensive
Alan Williams,Defensive
Royce O'Neale,Defensive
Ben Simmons,Defensive
Henry Ellenson,Offensive
Caris LeVert,Balanced
Isaiah Whitehead,Offensive
Yogi Ferrell,Offensive
James Webb III,Defensive
Dorian Finney-Smith,Defensive
Shaquille Harrison,Defensive
David Nwaba,Defensive
Mitchell Creek,Defensive
Dennis Smith Jr.,Offensive
Harry Giles III,Defensive
Jarrett Allen,Defensive
Edmond Sumner,Offensive
Jacob Wiley,Defensive
Mike James,Offensive
Yakuba Ouattara,Defensive
Milton Doyle,Offensive
Tahjere McCall,Defensive
Keita Bates-Diop,Defensive
Mikal Bridges,Balanced
Bruce Brown,Defensive
Jevon Carter,Defensive
Alize Johnson,Defensive
Landry Shamet,Offensive
Lonnie Walker IV,Offensive
Theo Pinson,Defensive
Dzanan Musa,Offensive
Rodions Kurucs,Defensive
Tyler Cook,Defensive
Wenyen Gabriel,Defensive
Yuta Watanabe,Defensive
Chris Chiozza,Offensive
Reggie Perry,Defensive
Moses Brown,Defensive
Nic Claxton,Defensive
Cameron Johnson,Balanced
Armoni Brooks,Offensive
Jeremiah Martin,Offensive
Donta Hall,Defensive
Day'Ron Sharpe,Defensive
Keon Johnson,Defensive
Kessler Edwards,Defensive
Cam Thomas,Offensive
David Duke Jr.,Defensive
RaiQuan Gray,Defensive
Trendon Watford,Defensive
Jalen Wilson,Offensive
Dru Smith,Defensive
Alondes Williams,Defensive
Jacob Gilyard,Defensive
Dariq Whitehead,Offensive
Noah Clowney,Defensive
Shaquille O'Neal,Defensive
Ray Allen,Offensive
Jermaine O'Neal,Defensive
Keyon Dooling,Offensive
Carlos Arroyo,Offensive
Chris Wilcox,Defensive
Tayshaun Prince,Defensive
Nenad Krstic,Offensive
Darko Milicic,Defensive
Mickael Pietrus,Defensive
Sasha Pavlovic,Offensive
Kendrick Perkins,Defensive
Leandro Barbosa,Offensive
Marquis Daniels,Defensive
Jameer Nelson,Offensive
Delonte West,Offensive
Nate Robinson,Offensive
David Lee,Offensive
Brandon Bass,Offensive
CJ Miles,Offensive
Von Wafer,Offensive
Amir Johnson,Defensive
Shavlik Randolph,Defensive
Ryan Hollins,Defensive
Sean Williams,Defensive
Glen Davis,Offensive
Joel Anthony,Defensive
Jerryd Bayless,Offensive
Courtney Lee,Defensive
DJ White,Defensive
Semih Erden,Defensive
Greg Stiemsma,Defensive
Jrue Holiday,Defensive
Jonas Jerebko,Offensive
Greg Monroe,Offensive
Al-Farouq Aminu,Defensive
Gordon Hayward,Offensive
Avery Bradley,Defensive
Jarvis Varnado,Defensive
Luke Harangody,Offensive
Chris Johnson,Offensive
Enes Freedom,Offensive
Tristan Thompson,Defensive
Kemba Walker,Offensive
Marcus Morris Sr.,Offensive
JaJuan Johnson,Defensive
E'Twaun Moore,Offensive
Isaiah Thomas,Offensive
Xavier Silas,Offensive
Brad Wanamaker,Defensive
Evan Fournier,Offensive
Jared Sullinger,Offensive
Fab Melo,Defensive
Jae Crowder,Defensive
Aron Baynes,Defensive
Kelly Olynyk,Offensive
Vander Blue,Offensive
Phil Pressey,Defensive
Gigi Datome,Offensive
Vitor Faverani,Defensive
Chris Babb,Defensive
James Young,Offensive
Marcus Smart,Defensive
Dwight Powell,Offensive
Andre Dawkins,Offensive
Kristaps Porzingis,Offensive
RJ Hunter,Offensive
Jordan Mickey,Defensive
Terry Rozier,Offensive
Josh Richardson,Defensive
Coty Clarke,Defensive
Jonathan Gibson,Offensive
Demetrius Jackson,Offensive
Jaylen Brown,Defensive
Malcolm Brogdon,Balanced
Juancho Hernangomez,Defensive
Guerschon Yabusele,Defensive
Abdel Nader,Offensive
Jayson Tatum,Offensive
Justin Jackson,Offensive
Semi Ojeleye,Defensive
Derrick White,Defensive
PJ Dozier,Defensive
Luke Kornet,Defensive
Kadeem Allen,Defensive
Jabari Bird,Offensive
Daniel Theis,Defensive
Svi Mykhailiuk,Offensive
Moritz Wagner,Offensive
Carsen Edwards,Offensive
Oshae Brissett,Defensive
Robert Williams III,Defensive
Kelan Martin,Offensive
Tacko Fall,Defensive
Romeo Langford,Defensive
Mfiondu Kabengele,Defensive
Neemias Queta,Defensive
Tremont Waters,Offensive
Grant Williams,Defensive
Vincent Poirier,Defensive
Javonte Green,Defensive
Juwan Morgan,Defensive
Aaron Nesmith,Offensive
Payton Pritchard,Offensive
Lamar Stevens,Defensive
Xavier Tillman,Defensive
Malik Fitts,Offensive
Brodric Thomas,Offensive
Matt Ryan,Offensive
Jaden Springer,Offensive
Justin Champagnie,Offensive
Sam Hauser,Offensive
Dalano Banton,Offensive
JD Davison,Offensive
Jordan Walsh,Defensive
Drew Peterson,Offensive
Stephen Jackson,Offensive
Nazr Mohammed,Defensive
Corey Maggette,Offensive
Joel Przybilla,Defensive
Eduardo Najera,Defensive
Kwame Brown,Defensive
DeSagana Diop,Defensive
Brendan Haywood,Defensive
Tony Parker,Offensive
Luke Ridnour,Offensive
Boris Diaw,Balanced
Mo Williams,Offensive
Matt Carroll,Offensive
Ben Gordon,Offensive
Al Jefferson,Balanced
Hakim Warrick,Offensive
Jason Maxiell,Defensive
Jamario Moon,Defensive
Tyrus Thomas,Defensive
Spencer Hawes,Offensive
Josh McRoberts,Balanced
Dominic McGuire,Defensive
Ramon Sessions,Offensive
D.J. Augustin,Offensive
Roy Hibbert,Defensive
Nicolas Batum,Balanced
Chris Douglas-Roberts,Offensive
Gerald Henderson,Balanced
Tyler Hansbrough,Offensive
Byron Mullens,Offensive
Derrick Brown,Offensive
Reggie Williams,Offensive
Elliot Williams,Offensive
Sherron Collins,Offensive
Ish Smith,Balanced
Jeff Adrien,Defensive
Bismack Biyombo,Defensive
Davis Bertans,Offensive
Cory Higgins,Offensive
Julyan Stone,Defensive
Michael Kidd-Gilchrist,Defensive
Jeremy Lamb,Offensive
Jeffery Taylor,Defensive
Brian Roberts,Offensive
Cody Zeller,Balanced
James Southerland,Offensive
Michael Carter-Williams,Defensive
Ray McCallum,Offensive
Troy Daniels,Offensive
PJ Hairston,Offensive
Johnny O'Bryant III,Offensive
Vasilije Micic,Offensive
Montrezl Harrell,Balanced
Aaron Harrison,Offensive
Kelly Oubre Jr.,Balanced
Christian Wood,Balanced
Willy Hernangomez,Offensive
Briante Weber,Defensive
Marcus Paige,Offensive
Mike Tobey,Offensive
Malik Monk,Offensive
Frank Ntilikina,Defensive
Dwayne Bacon,Offensive
Kobi Simmons,Offensive
Mangok Mathiang,Defensive
Miles Bridges,Balanced
Devonte' Graham,Offensive
Caleb Martin,Balanced
Cody Martin,Defensive
P.J. Washington,Balanced
Arnoldas Kulboka,Offensive
J.P. Macura,Offensive
Joe Chealey,Offensive
Jalen McDaniels,Balanced
Marques Bolden,Defensive
LaMelo Ball,Offensive
Vernon Carey Jr.,Offensive
Theo Maledon,Offensive
Aleksej Pokusevski,Balanced
Grant Riller,Offensive
Nick Richards,Defensive
Nate Darling,Offensive
Xavier Sneed,Defensive
Kai Jones,Defensive
Tre Mann,Offensive
James Bouknight,Offensive
JT Thor,Defensive
Scottie Lewis,Defensive
Mark Williams,Defensive
Bryce McGowens,Offensive
Brandon Miller,Offensive
Nick Smith Jr.,Offensive
Amari Bailey,Offensive
Leaky Black,Defensive
Nathan Mensah,Defensive
Kurt Thomas,Defensive
Richard Hamilton,Offensive
Pau Gasol,Balanced
Brian Scalabrine,Offensive
Carlos Boozer,Offensive
Rasual Butler,Offensive
Dwyane Wade,Balanced
Luol Deng,Defensive
John Lucas III,Offensive
Ronnie Brewer,Defensive
Lou Amundson,Defensive
Joakim Noah,Defensive
Daequan Cook,Offensive
Aaron Brooks,Offensive
Derrick Rose,Offensive
Robin Lopez,Defensive
Omer Asik,Defensive
DeMar DeRozan,Offensive
Taj Gibson,Defensive
Patrick Beverley,Defensive
Quincy Pondexter,Offensive
Jimmer Fredette,Offensive
Nikola Vucevic,Offensive
Nikola Mirotic,Offensive
Jimmy Butler,Balanced
Malcolm Thomas,Defensive
Tomas Satoransky,Offensive
Isaiah Canaan,Offensive
Otto Porter Jr.,Balanced
Erik Murphy,Offensive
Joffrey Lauvergne,Balanced
Zach LaVine,Offensive
Doug McDermott,Offensive
Cameron Bairstow,Defensive
JaKarr Sampson,Defensive
Cameron Payne,Offensive
Jerian Grant,Offensive
Bobby Portis,Balanced
Cristiano Felicio,Defensive
Walt Lemon Jr.,Offensive
Tyler Ulis,Offensive
Denzel Valentine,Offensive
Kay Felder,Offensive
Wayne Selden,Offensive
Paul Zipser,Balanced
Ryan Arcidiacono,Offensive
Derrick Jones Jr.,Defensive
Alex Caruso,Defensive
Alfonzo McKinnie,Defensive
Lonzo Ball,Balanced
Lauri Markkanen,Balanced
Jordan Bell,Defensive
Tony Bradley,Defensive
Antonio Blakeney,Offensive
Torrey Craig,Defensive
Rawle Alkins,Defensive
Kostas Antetokounmpo,Defensive
Troy Brown Jr.,Balanced
Wendell Carter Jr.,Balanced
Chandler Hutchison,Defensive
Brandon Sampson,Offensive
Max Strus,Offensive
Coby White,Offensive
Devon Dotson,Offensive
Daniel Gafford,Defensive
Adam Mokoka,Defensive
Matt Thomas,Offensive
Patrick Williams,Balanced
Ayo Dosunmu,Balanced
Marko Simonovic,Defensive
Carlik Jones,Offensive
Mac McClung,Offensive
Terry Taylor,Defensive
Henri Drell,Defensive
Dalen Terry,Balanced
Julian Phillips,Defensive
Adama Sanogo,Defensive
Andrew Funk,Offensive
Onuralp Bitim,Offensive
Anthony Parker,Balanced
Antawn Jamison,Balanced
Baron Davis,Offensive
Shawn Marion,Balanced
Mike Miller,Offensive
Richard Jefferson,Balanced
Chris Andersen,Defensive
LeBron James,Balanced
Luke Walton,Balanced
James Jones,Offensive
JR Smith,Offensive
Anderson Varejao,Defensive
Andrew Bogut,Defensive
Channing Frye,Offensive
Andrew Bynum,Defensive
Joey Graham,Defensive
Jawad Williams,Offensive
Daniel Gibson,Offensive
Leon Powe,Defensive
Chris Quinn,Offensive
Kevin Love,Balanced
Marreese Speights,Offensive
JaVale McGee,Defensive
JJ Hickson,Balanced
George Hill,Balanced
Sasha Kaun,Defensive
Ricky Rubio,Balanced
Omri Casspi,Offensive
Christian Eyenga,Defensive
Danny Green,Balanced
AJ Price,Offensive
Lester Hudson,Offensive
Alonzo Gee,Defensive
Shane Edwards,Defensive
Larry Sanders,Defensive
Samardo Samuels,Defensive
Manny Harris,Offensive
Arinze Onuaku,Defensive
Derrick Williams,Offensive
Brandon Knight,Offensive
Alec Burks,Offensive
Jon Leuer,Balanced
DeAndre Liggins,Defensive
D.J. Kennedy,Defensive
Mychel Thompson,Offensive
Jeremy Pargo,Offensive
Dion Waiters,Offensive
John Henson,Defensive
Kevin Jones,Defensive
Carrick Felix,Defensive
Matthew Dellavedova,Defensive
Raul Neto,Balanced
Will Cherry,Defensive
Scotty Hopson,Offensive
Jordan McRae,Offensive
Jordan Clarkson,Offensive
Rodney Hood,Offensive
Alex Kirk,Defensive
Dante Exum,Defensive
Tim Frazier,Offensive
John Holland,Offensive
Andrew Harrison,Balanced
Sam Dekker,Offensive
Quinn Cook,Offensive
Larry Nance Jr.,Balanced
Sir'Dominic Pointer,Defensive
Cedi Osman,Balanced
Levi Randolph,Offensive
Wade Baldwin IV,Defensive
Marquese Chriss,Balanced
Thon Maker,Defensive
Patrick McCaw,Defensive
Georges Niang,Offensive
Ante Zizic,Defensive
Sheldon Mac,Offensive
Jalen Jones,Balanced
Donovan Mitchell,Offensive
Isaiah Hartenstein,Defensive
Jaron Blossomgame,Defensive
Damyean Dotson,Offensive
London Perrantes,Offensive
Malik Newman,Offensive
Collin Sexton,Offensive
Zhaire Smith,Defensive
Deng Adel,Defensive
Mamadi Diakite,Defensive
Darius Garland,Offensive
Kevin Porter Jr.,Offensive
Ty Jerome,Offensive
Dean Wade,Balanced
Matt Mooney,Defensive
Isaac Okoro,Defensive
Sam Merrill,Offensive
Tre Scott,Defensive
Evan Mobley,Balanced
Isaiah Mobley,Balanced
RJ Nembhard,Offensive
Kevin Pangos,Offensive
Pete Nance,Balanced
Emoni Bates,Offensive
Craig Porter Jr.,Defensive
Jason Kidd,Balanced
Derek Fisher,Balanced
Peja Stojakovic,Offensive
Dirk Nowitzki,Offensive
Lamar Odom,Balanced
Brian Cardinal,Defensive
Tyson Chandler,Defensive
Eddy Curry,Offensive
Samuel Dalembert,Defensive
Amar'e Stoudemire,Offensive
Caron Butler,Balanced
Chris Kaman,Defensive
Raymond Felton,Offensive
Charlie Villanueva,Offensive
Ian Mahinmi,Defensive
Monta Ellis,Offensive
Kelenna Azubuike,Offensive
JJ Redick,Offensive
Steve Novak,Offensive
J.J. Barea,Offensive
Jianlian Yi,Offensive
Corey Brewer,Defensive
O.J. Mayo,Offensive
Alexis Ajinca,Defensive
Darren Collison,Offensive
Rodrigue Beaubois,Offensive
DeJuan Blair,Defensive
Dominique Jones,Offensive
Justin Dentmon,Offensive
Greg Smith,Defensive
Josh Akognon,Offensive
Harrison Barnes,Balanced
Bernard James,Defensive
Chris Wright,Defensive
Jeff Withey,Defensive
Reggie Bullock,Offensive
Ricky Ledo,Offensive
Trey Burke,Offensive
Pierre Jackson,Offensive
Gal Mekel,Offensive
Richaun Holmes,Defensive
Willie Cauley-Stein,Defensive
Boban Marjanovic,Defensive
Salah Mejri,Defensive
AJ Hammons,Defensive
Jarrod Uthoff,Balanced
Ben Bentil,Offensive
Kyle Collinsworth,Defensive
Jameel Warney,Defensive
Johnathan Motley,Balanced
Sterling Brown,Defensive
Maxi Kleber,Balanced
Gian Clavell,Offensive
Jalen Brunson,Balanced
George King,Defensive
Luka Doncic,Balanced
Ray Spalding,Defensive
Daryl Macon,Offensive
Ryan Broekhoff,Offensive
Isaiah Roby,Defensive
Josh Reaves,Defensive
Chris Silva,Defensive
Nicolo Melli,Balanced
Tyrell Terry,Offensive
Josh Green,Defensive
Tyler Bey,Defensive
Nate Hinton,Defensive
Facundo Campazzo,Offensive
Brandon Williams,Offensive
Greg Brown III,Defensive
Moses Wright,Defensive
McKinley Wright IV,Offensive
JaQuori McLaughlin,Offensive
A.J. Lawson,Offensive
Eugene Omoruyi,Defensive
Jaden Hardy,Offensive
Dereck Lively II,Defensive
Olivier-Maxence Prosper,Defensive
Alex Fudge,Defensive
Dexter Dennis,Defensive
Chauncey Billups,Balanced
Al Harrington,Offensive
Anthony Carter,Defensive
Andre Miller,Balanced
Kenyon Martin,Defensive
Nene Hilario,Defensive
Melvin Ely,Defensive
Carmelo Anthony,Offensive
Andre Iguodala,Balanced
Renaldo Balkman,Defensive
Nick Young,Offensive
Rudy Fernandez,Offensive
Arron Afflalo,Offensive
Anthony Randolph,Defensive
Kosta Koufos,Defensive
Darrell Arthur,Defensive
Gary Forbes,Offensive
Ty Lawson,Offensive
DeMarcus Cousins,Balanced
Jan Vesely,Defensive
Reggie Jackson,Offensive
Jordan Hamilton,Offensive
Austin Rivers,Offensive
Quincy Miller,Defensive
Will Barton,Offensive
Kostas Papanikolaou,Defensive
JaMychal Green,Defensive
Erick Green,Offensive
Jamaal Franklin,Offensive
Kentavious Caldwell-Pope,Defensive
Ian Clark,Offensive
Gary Harris,Balanced
Jerami Grant,Balanced
Aaron Gordon,Balanced
Jarnell Stokes,Defensive
Jusuf Nurkic,Defensive
Nikola Jokic,Balanced
Greg Whittington,Defensive
Emmanuel Mudiay,Offensive
Trey Lyles,Balanced
Axel Toupane,Defensive
Malik Beasley,Offensive
Jamal Murray,Offensive
Petr Cornelie,Balanced
Bryn Forbes,Offensive
Tyler Lydon,Offensive
Thomas Bryant,Offensive
Monte Morris,Offensive
Vlatko Čančar,Balanced
Davon Reed,Defensive
Michael Porter Jr.,Offensive
Jarred Vanderbilt,Defensive
Gary Clark,Defensive
Thomas Welsh,Defensive
DeVaughn Akoon-Purcell,Offensive
Jalen Pickett,Offensive
Bol Bol,Balanced
Rayjon Tucker,Offensive
R.J. Hampton,Offensive
Zeke Nnaji,Balanced
Markus Howard,Offensive
Braxton Key,Defensive
Bones Hyland,Offensive
Jay Huff,Defensive
Julian Strawther,Offensive
Christian Braun,Balanced
Peyton Watson,Defensive
Collin Gillespie,Offensive
Jack White,Defensive
Hunter Tyson,Offensive
Ben Wallace,Defensive
Steve Blake,Offensive
Beno Udrih,Offensive
Will Bynum,Offensive
Walker Russell,Offensive
Rodney Stuckey,Offensive
Brandon Jennings,Offensive
DaJuan Summers,Offensive
Jodie Meeks,Offensive
Tobias Harris,Balanced
Cory Joseph,Offensive
Justin Harper,Offensive
Kyle Singler,Offensive
Josh Harrellson,Defensive
Vernon Macklin,Defensive
Dwight Buycks,Offensive
Khris Middleton,Balanced
Kim English,Offensive
Viacheslav Kravtsov,Defensive
Lorenzo Brown,Offensive
Peyton Siva,Offensive
Tony Mitchell,Defensive
Kalin Lucas,Offensive
Rodney McGruder,Defensive
Reggie Hearn,Offensive
Glenn Robinson III,Offensive
Eric Moreland,Defensive
Stanley Johnson,Defensive
Darrun Hilliard,Offensive
Luis Montero,Offensive
Brice Johnson,Offensive
Cheick Diallo,Defensive
Michael Gbinije,Defensive
Josh Jackson,Offensive
Luke Kennard,Offensive
Frank Jackson,Offensive
Derrick Walton Jr.,Offensive
Marvin Bagley III,Offensive
Hamidou Diallo,Offensive
Chimezie Metu,Defensive
Shake Milton,Offensive
Khyri Thomas,Defensive
Keenan Evans,Offensive
Zach Lofton,Offensive
Trayvon Palmer,Defensive
Justin Robinson,Offensive
Sekou Doumbouya,Defensive
Jordan Bone,Offensive
Quentin Grimes,Balanced
Louis King,Offensive
Jaylen Nowell,Offensive
Deividas Sirvydis,Offensive
Jaysean Paige,Offensive
James Wiseman,Balanced
Killian Hayes,Defensive
Isaiah Stewart,Defensive
Cassius Stanley,Offensive
Malachi Flynn,Offensive
Saben Lee,Offensive
Luka Garza,Balanced
Isaiah Livers,Balanced
Cade Cunningham,Balanced
Chris Smith,Defensive
Malcolm Cazalon,Offensive
Stanley Umude,Offensive
Jamorko Pickett,Defensive
Micah Potter,Defensive
Jaden Ivey,Offensive
Jalen Duren,Defensive
Jared Rhoden,Defensive
Marcus Sasser,Offensive
Buddy Boeheim,Offensive
Simone Fontecchio,Offensive
Ausar Thompson,Balanced
Tosan Evbuomwan,Defensive
Mikki Moore,Defensive
Charlie Bell,Offensive
Matt Barnes,Defensive
David West,Balanced
Andris Biedrins,Defensive
Dorell Wright,Offensive
Earl Barron,Defensive
Chris Paul,Balanced
Rodney Carney,Offensive
Acie Law,Offensive
Al Thornton,Offensive
Carl Landry,Balanced
Jason Thompson,Defensive
Brandon Rush,Defensive
Stephen Curry,Offensive
Toney Douglas,Defensive
Mickell Gladness,Defensive
Ekpe Udoh,Defensive
Nemanja Bjelica,Offensive
Klay Thompson,Balanced
Charles Jenkins,Offensive
Keith Benson,Defensive
Festus Ezeli,Defensive
Draymond Green,Balanced
Ognjen Kuzmic,Defensive
Scott Machado,Offensive
Nemanja Nedovic,Offensive
James Michael McAdoo,Defensive
Andrew Wiggins,Balanced
Dario Saric,Balanced
Kevon Looney,Defensive
Chasson Randle,Offensive
Dragan Bender,Defensive
Gary Payton II,Defensive
Chris Boucher,Defensive
Mychal Mulder,Offensive
Donte DiVincenzo,Balanced
Jacob Evans,Defensive
Jerome Robinson,Offensive
Ky Bowman,Offensive
Marcus Derrickson,Defensive
Juan Toscano-Anderson,Defensive
Alen Smailagic,Defensive
Zach Norvell Jr.,Offensive
Eric Paschall,Offensive
Jordan Poole,Offensive
Quinndary Weatherspoon,Defensive
Nico Mannion,Offensive
Jonathan Kuminga,Balanced
Anthony Lamb,Offensive
Jeff Dowtin Jr.,Offensive
Pat Spencer,Offensive
Moses Moody,Balanced
Usman Garuba,Defensive
Gui Santos,Offensive
Patrick Baldwin,Offensive
Ryan Rollins,Offensive
Trayce Jackson-Davis,Balanced
Lester Quinones,Offensive
Brandin Podziemski,Offensive
Marcus Camby,Defensive
Brad Miller,Balanced
Earl Boykins,Offensive
Shane Battier,Defensive
Yao Ming,Balanced
Jared Jeffries,Defensive
Carlos Delfino,Offensive
Kevin Martin,Offensive
Trevor Ariza,Defensive
Francisco Garcia,Offensive
Chuck Hayes,Defensive
Kyle Lowry,Balanced
P.J. Tucker,Defensive
Mike Harris,Offensive
Michael Beasley,Offensive
Russell Westbrook,Offensive
Eric Gordon,Offensive
Ryan Anderson,Offensive
Joey Dorsey,Defensive
Luc Mbah a Moute,Defensive
Bobby Brown,Offensive
Hasheem Thabeet,Defensive
Jonny Flynn,Offensive
Jordan Hill,Balanced
Jermaine Taylor,Offensive
Chase Budinger,Offensive
Diamon Simpson,Defensive
John Wall,Offensive
Cole Aldrich,Defensive
Patrick Patterson,Balanced
James Anderson,Offensive
Marqus Blakely,Defensive
Courtney Fortson,Offensive
Donatas Motiejūnas,Offensive
Andrew Goudelock,Offensive
Royce White,Offensive
Terrence Jones,Balanced
Pablo Prigioni,Offensive
Alexey Shved,Offensive
Tim Ohlbrecht,Defensive
Ben McLemore,Offensive
Robert Covington,Defensive
Victor Oladipo,Balanced
Tyler Ennis,Offensive
Nick Johnson,Offensive
Bruno Caboclo,Defensive
Tarik Black,Defensive
Michael Frazier II,Offensive
Zhou Qi,Defensive
Chinanu Onuaku,Defensive
Troy Williams,Offensive
Kyle Wiltjer,Offensive
Tim Quarterman,Offensive
Fred VanVleet,Balanced
Danuel House Jr.,Offensive
Justin Patton,Defensive
D.J. Wilson,Defensive
Dillon Brooks,Offensive
Aaron Jackson,Offensive
Vincent Edwards,Offensive
Jock Landale,Balanced
Cam Reynolds,Offensive
DaQuan Jeffries,Defensive
William Howard,Offensive
Mason Jones,Offensive
Jalen Green,Offensive
Daishen Nix,Offensive
Kenyon Martin Jr.,Balanced
Trevelin Queen,Offensive
Jae'Sean Tate,Balanced
Josh Christopher,Offensive
Alperen Sengun,Balanced
DeJon Jarreau,Defensive
Darius Days,Offensive
Jabari Smith Jr.,Balanced
TyTy Washington Jr.,Offensive
Tari Eason,Defensive
Jermaine Samuels Jr.,Defensive
Trevor Hudgins,Offensive
Nate Williams,Defensive
Amen Thompson,Balanced
Cam Whitmore,Offensive
James Posey,Defensive
Jeff Foster,Defensive
T.J. Ford,Offensive
Danny Granger,Offensive
Solomon Jones,Defensive
Kyrylo Fesenko,Defensive
Tyreke Evans,Offensive
Jeff Ayres,Defensive
Sam Young,Defensive
Paul George,Balanced
Kevin Seraphin,Defensive
Lavoy Allen,Defensive
Orlando Johnson,Offensive
Kyle O'Quinn,Defensive
Chris Copeland,Offensive
Ben Hansbrough,Offensive
Trey McKinney-Jones,Defensive
Shayne Whittington,Defensive
Damjan Rudez,Offensive
T.J. McConnell,Defensive
Myles Turner,Defensive
Rakeem Christmas,Defensive
Joe Young,Offensive
Keifer Sykes,Offensive
Domantas Sabonis,Balanced
Buddy Hield,Offensive
Pascal Siakam,Balanced
Gabe York,Offensive
Ike Anigbogu,Defensive
T.J. Leaf,Offensive
Ben Moore,Defensive
Naz Mitrou-Long,Offensive
Amida Brimah,Defensive
Brian Bowen II,Defensive
Goga Bitadze,Defensive
Andrew Nembhard,Balanced
Jalen Lecque,Offensive
Jordan Nwora,Offensive
Ahmad Caver,Offensive
Obi Toppin,Offensive
Tyrese Haliburton,Balanced
Jalen Smith,Balanced
Chris Duarte,Balanced
Isaiah Jackson,Defensive
Duane Washington Jr.,Offensive
Bennedict Mathurin,Offensive
Kendall Brown,Defensive
Oscar Tshiebwe,Defensive
Isaiah Wong,Offensive
Quenton Jackson,Offensive
Jarace Walker,Balanced
Ben Sheppard,Offensive
Grant Hill,Balanced
Hedo Turkoglu,Balanced
Bobby Simmons,Defensive
Jarron Collins,Defensive
Brian Cook,Offensive
Ike Diogu,Offensive
Ronny Turiaf,Defensive
Ryan Gomes,Offensive
Marcin Gortat,Defensive
Craig Smith,Balanced
Serge Ibaka,Defensive
Wesley Johnson,Defensive
Eric Bledsoe,Offensive
Willie Warren,Offensive
Kawhi Leonard,Balanced
Trey Thompkins,Offensive
Travis Leslie,Defensive
Maurice Harkless,Defensive
Maalik Wayns,Offensive
C.J. Williams,Defensive
C.J. Wilcox,Offensive
Jamil Wilson,Offensive
Justise Winslow,Defensive
Norman Powell,Offensive
Branden Dawson,Defensive
Alex Stepheson,Defensive
Diamond Stone,Defensive
Ivica Zubac,Defensive
Jawun Evans,Offensive
Sindarius Thornwell,Defensive
Milos Teodosic,Offensive
Shai Gilgeous-Alexander,Balanced
Angel Delgado,Defensive
Amir Coffey,Offensive
Terance Mann,Balanced
Xavier Moon,Offensive
Daniel Oturu,Defensive
Jay Scrubb,Offensive
KJ Martin,Balanced
Brandon Boston Jr.,Offensive
Jason Preston,Offensive
Joshua Primo,Offensive
Moussa Diabate,Defensive
Kobe Brown,Balanced
Jordan Miller,Offensive
Theo Ratliff,Defensive
Steve Nash,Offensive
Kobe Bryant,Offensive
Metta World Peace,Defensive
Jason Kapono,Offensive
Chris Duhon,Defensive
Ronnie Price,Defensive
Shannon Brown,Offensive
Marc Gasol,Balanced
Trey Johnson,Offensive
Andre Ingram,Offensive
Xavier Henry,Offensive
Devin Ebanks,Defensive
Derrick Caracter,Defensive
Anthony Davis,Balanced
Kendall Marshall,Offensive
Darius Johnson-Odom,Offensive
Robert Sacre,Defensive
Elias Harris,Defensive
Jabari Brown,Offensive
Julius Randle,Balanced
Travis Wear,Defensive
Anthony Brown,Defensive
Marcelo Huertas,Offensive
Brandon Ingram,Balanced
Kyle Kuzma,Offensive
Josh Hart,Balanced
Nigel Hayes,Defensive
Mo Bamba,Defensive
Rui Hachimura,Balanced
Isaac Bonga,Defensive
Kendrick Nunn,Offensive
Johnathan Williams,Defensive
Jemerrio Jones,Defensive
Gabe Vincent,Balanced
Jaxson Hayes,Defensive
Talen Horton-Tucker,Offensive
Devontae Cacok,Defensive
Austin Reaves,Balanced
Scotty Pippen Jr.,Offensive
Colin Castleton,Defensive
Max Christie,Offensive
Cole Swider,Offensive
Jalen Hood-Schifino,Balanced
Maxwell Lewis,Offensive
D'Moi Hodge,Defensive
Jason Williams,Offensive
Brian Skinner,Defensive
Zach Randolph,Balanced
Gilbert Arenas,Offensive
Josh Davis,Defensive
Tony Allen,Defensive
Rudy Gay,Balanced
Mike Conley,Balanced
Mario Chalmers,Defensive
Hamed Haddadi,Defensive
Nick Calathes,Offensive
Hassan Whiteside,Defensive
Jonas Valančiūnas,Balanced
Josh Selby,Offensive
Tony Wroten,Offensive
DJ Stephens,Defensive
Steven Adams,Defensive
Russ Smith,Offensive
Jordan Adams,Offensive
Kyle Anderson,Balanced
Bryce Cotton,Offensive
Xavier Munford,Offensive
Omari Johnson,Defensive
Tyus Jones,Balanced
Jarell Martin,Defensive
Vincent Hunter,Defensive
Julian Washburn,Defensive
Myke Henry,Defensive
Ivan Rabb,Defensive
Xavier Rathan-Mayes,Offensive
Dusty Hannahs,Offensive
Grayson Allen,Balanced
Jaren Jackson Jr.,Defensive
De'Anthony Melton,Defensive
Jontay Porter,Defensive
Ja Morant,Offensive
Brandon Clarke,Balanced
Killian Tillie,Defensive
John Konchar,Defensive
Marko Guduric,Offensive
Dakota Mathias,Offensive
Shaq Buchanan,Defensive
Desmond Bane,Balanced
Sean McDermott,Offensive
Jon Teske,Defensive
Zavier Simpson,Defensive
Ziaire Williams,Balanced
Matt Hurt,Offensive
Yves Pons,Defensive
Santi Aldama,Balanced
Jordan Goodwin,Defensive
Kennedy Chandler,Offensive
Jake LaRavia,Balanced
David Roddy,Balanced
Vince Williams Jr.,Defensive
Kenneth Lofton Jr.,Offensive
GG Jackson,Offensive
Timmy Allen,Defensive
Maozinha Pereira,Defensive
Trey Jemison,Defensive
Juwan Howard,Balanced
Zydrunas Ilgauskas,Balanced
Rashard Lewis,Offensive
Jamaal Magloire,Defensive
Eddie House,Offensive
Roger Mason Jr.,Offensive
Chris Bosh,Balanced
Udonis Haslem,Defensive
Greg Oden,Defensive
Henry Walker,Offensive
Terrel Harris,Defensive
Norris Cole,Defensive
Meyers Leonard,Offensive
Zoran Dragic,Offensive
Okaro White,Defensive
Marcus Georges-Hunt,Defensive
Bam Adebayo,Balanced
Matt Williams Jr.,Offensive
Yante Maten,Offensive
Duncan Robinson,Offensive
Emanuel Terry,Defensive
Haywood Highsmith,Defensive
Zylan Cheatham,Defensive
Tyler Herro,Offensive
KZ Okpala,Defensive
Kyle Guy,Offensive
Aric Holman,Defensive
Kyle Alexander,Defensive
Precious Achiuwa,Balanced
Omer Yurtseven,Balanced
Marcus Garrett,Defensive
Javonte Smart,Offensive
Nikola Jovic,Balanced
Orlando Robinson,Defensive
Jamaree Bouyea,Offensive
Jaime Jaquez Jr.,Balanced
Jamal Cain,Defensive
Michael Redd,Offensive
Drew Gooden,Balanced
John Salmons,Offensive
Jason Smith,Defensive
Jon Brockman,Defensive
Darington Hobson,Offensive
Damian Lillard,Offensive
Doron Lamb,Offensive
Nate Wolters,Offensive
Shabazz Muhammad,Offensive
Giannis Antetokounmpo,Balanced
Miroslav Raduljica,Defensive
Thanasis Antetokounmpo,Defensive
Damien Inglis,Defensive
Joe Ingles,Balanced
Pat Connaughton,Balanced
Joel Bolomboy,Defensive
Marshall Plumlee,Defensive
Frank Mason III,Offensive
Trevon Duval,Offensive
Bonzie Colson,Defensive
Elijah Bryant,Offensive
Javin DeLaurier,Defensive
Lindell Wigginton,Offensive
Sandro Mamukelashvili,Balanced
Georgios Kalaitzakis,Offensive
MarJon Beauchamp,Balanced
AJ Green,Offensive
Andre Jackson Jr.,Balanced
Chris Livingston,Offensive
Jaylin Galloway,Defensive
Josh Howard,Balanced
Sebastian Telfair,Offensive
Martell Webster,Offensive
Mickael Gelabale,Defensive
Will Conroy,Defensive
Brandon Roy,Balanced
Maurice Ager,Offensive
Nikola Pekovic,Defensive
Othyus Jeffers,Defensive
Lazar Hayward,Offensive
Malcolm Lee,Defensive
Robbie Hummel,Offensive
Rudy Gobert,Defensive
Karl-Anthony Towns,Balanced
Jake Layman,Offensive
Amile Jefferson,Defensive
Josh Okogie,Defensive
Jared Terrell,Offensive
Jordan McLaughlin,Offensive
Nickeil Alexander-Walker,Balanced
Naz Reid,Offensive
Anthony Edwards,Offensive
Jaden McDaniels,Defensive
Leandro Bolmaro,Defensive
Ashton Hagans,Defensive
Wendell Moore Jr.,Defensive
Leonard Miller,Balanced
Josh Minott,Defensive
David Andersen,Offensive
Emeka Okafor,Defensive
DJ Mbenga,Defensive
Pops Mensah-Bonsu,Defensive
Aaron Gray,Defensive
Darryl Watkins,Defensive
Carldell Johnson,Offensive
Patrick Ewing,Balanced
Jerel McNeal,Offensive
Jerome Dyson,Offensive
Jeff Foote,Defensive
Darius Miller,Offensive
Hollis Thompson,Offensive
CJ McCollum,Offensive
Larry Drew II,Offensive
Elfrid Payton,Offensive
Patric Young,Defensive
Bryce Dejean-Jones,Offensive
Josh Gray,Offensive
Charles Cooke,Defensive
Kenrich Williams,Defensive
Trevon Bluiett,Offensive
Kaiser Gates,Offensive
Dairis Bertans,Offensive
Jared Harper,Offensive
Zion Williamson,Offensive
Miye Oni,Defensive
Didi Louzada,Defensive
Justin James,Offensive
Daulton Hommes,Offensive
Kira Lewis Jr.,Offensive
Naji Marshall,Defensive
Will Magnay,Defensive
Jeremiah Robinson-Earl,Defensive
Herbert Jones,Defensive
Trey Murphy III,Offensive
E.J. Liddell,Defensive
Jalen Crutcher,Offensive
Feron Hunt,Defensive
Jose Alvarado,Defensive
Dyson Daniels,Defensive
Izaiah Brockington,Offensive
Dereon Seabron,Offensive
Jordan Hawkins,Offensive
Rasheed Wallace,Balanced
Quentin Richardson,Offensive
James White,Offensive
Andy Rautins,Offensive
Landry Fields,Balanced
Toure' Murry,Defensive
Cleanthony Early,Offensive
Mario Hezonja,Offensive
Maurice Ndour,Defensive
Ron Baker,Defensive
Mindaugas Kuzminskas,Offensive
OG Anunoby,Defensive
Isaiah Hicks,Defensive
Billy Garrett,Offensive
Mitchell Robinson,Defensive
Allonzo Trier,Offensive
RJ Barrett,Offensive
Ignas Brazdeikis,Offensive
Tyler Hall,Offensive
Immanuel Quickley,Offensive
Miles McBride,Defensive
Jericho Sims,Defensive
Jacob Toppin,Defensive
Trevor Keels,Offensive
Dmytro Skapintsev,Defensive
Jaylen Martin,Offensive
Morris Peterson,Offensive
Nick Collison,Defensive
Royal Ivey,Defensive
Mustafa Shakur,Offensive
Eric Maynor,Offensive
Daniel Orton,Defensive
Ryan Reid,Defensive
Perry Jones III,Offensive
Grant Jerrett,Offensive
Alex Abrines,Offensive
Semaj Christon,Offensive
Mitch McGary,Defensive
Josh Huestis,Defensive
Richard Solomon,Defensive
Dakari Johnson,Defensive
Terrance Ferguson,Offensive
Melvin Frazier Jr.,Defensive
Devon Hall,Offensive
Kevin Hervey,Offensive
Donte Grantham,Defensive
Tyler Davis,Defensive
Deonte Burton,Offensive
Darius Bazley,Defensive
Luguentz Dort,Defensive
Jaylen Hoard,Defensive
Isaiah Joe,Offensive
Jared Butler,Offensive
Josh Hall,Offensive
Rob Edwards,Offensive
Lindy Waters III,Offensive
Gabriel Deck,Offensive
Josh Giddey,Balanced
Aaron Wiggins,Defensive
Olivier Sarr,Defensive
Chet Holmgren,Defensive
Jalen Williams,Balanced
Jaylin Williams,Defensive
Ousmane Dieng,Defensive
Cason Wallace,Defensive
Adam Flagler,Offensive
Keyontae Johnson,Offensive
Larry Hughes,Defensive
Malik Allen,Defensive
Jason Richardson,Offensive
Terrence Ross,Offensive
DeQuan Jones,Offensive
Adonis Thomas,Offensive
Jonathon Simmons,Defensive
Devyn Marble,Defensive
Khem Birch,Defensive
Keith Appling,Offensive
Stephen Zimmerman,Defensive
Patricio Garino,Defensive
Markelle Fultz,Offensive
Jonathan Isaac,Defensive
Jamel Artis,Offensive
Troy Caupain,Offensive
Isaiah Briscoe,Offensive
Rodney Purvis,Offensive
Robert Franks,Offensive
Chuma Okeke,Defensive
Admiral Schofield,Defensive
Vic Law,Defensive
Hassani Gravett,Offensive
Devin Cannady,Offensive
Cole Anthony,Offensive
Karim Mané,Defensive
Freddie Gillespie,Defensive
Kevon Harris,Offensive
Franz Wagner,Balanced
Jalen Suggs,Balanced
Aleem Ford,Offensive
Paolo Banchero,Balanced
Caleb Houstan,Offensive
Anthony Black,Balanced
Jett Howard,Offensive
Antonio Daniels,Balanced
Tony Battie,Defensive
Francisco Elson,Defensive
Darius Songaila,Offensive
Andrés Nocioni,Balanced
Sergio Rodríguez,Offensive
Sonny Weems,Offensive
Craig Brackins,Offensive
Arnett Moultrie,Offensive
Furkan Aldemir,Defensive
Casper Ware,Offensive
Joel Embiid,Balanced
Ronald Roberts Jr.,Defensive
Drew Gordon,Defensive
Jacob Pullen,Offensive
Furkan Korkmaz,Offensive
Shawn Long,Offensive
Jonah Bolden,Defensive
Myles Powell,Offensive
Marial Shayok,Offensive
Charles Bassey,Defensive
Matisse Thybulle,Defensive
Tyrese Maxey,Offensive
Paul Reed,Defensive
Filip Petrušev,Offensive
Aaron Henry,Defensive
Julian Champagnie,Offensive
Michael Foster Jr.,Offensive
Terquavion Smith,Offensive
Ricky Council IV,Offensive
Garret Siler,Defensive
Dionte Christmas,Offensive
Zabian Dowdell,Offensive
Gani Lawal,Defensive
Elijah Millsap,Defensive
Luke Zeller,Offensive
Bradley Beal,Offensive
Diante Garrett,Offensive
Devin Booker,Offensive
Paris Bass,Offensive
Alec Peters,Offensive
Udoka Azubuike,Defensive
Deandre Ayton,Balanced
Elie Okobo,Offensive
Drew Eubanks,Defensive
Nassir Little,Defensive
Tariq Owens,Defensive
Ty-Shon Alexander,Offensive
MJ Walker,Offensive
Ish Wainright,Defensive
Gabriel Lundberg,Offensive
Sean Marks,Defensive
Earl Watson,Offensive
Fabricio Oberto,Defensive
Joel Freeland,Defensive
Victor Claver,Defensive
Nolan Smith,Offensive
Cliff Alexander,Defensive
Skal Labissiere,Offensive
Georgios Papagiannis,Defensive
Zach Collins,Balanced
Caleb Swanigan,Defensive
Chance Comanche,Defensive
Anfernee Simons,Offensive
Gary Trent Jr.,Offensive
Jarron Cumberland,Offensive
CJ Elleby,Defensive
Keljin Blevins,Defensive
Elijah Hughes,Offensive
Ibou Badji,Defensive
Scoot Henderson,Offensive
Cameron McGriff,Defensive
Shaedon Sharpe,Offensive
Jabari Walker,Balanced
Kris Murray,Balanced
John Butler Jr.,Defensive
Justin Minaya,Defensive
Taze Moore,Defensive
Jeenathan Williams,Offensive
Rayan Rupert,Defensive
Toumani Camara,Defensive
Duop Reath,Defensive
Antoine Wright,Offensive
Luther Head,Offensive
Pooh Jeter,Offensive
Donte Greene,Balanced
Darnell Jackson,Defensive
Hamady Ndiaye,Defensive
Tyler Honeycutt,Defensive
Sim Bhullar,Defensive
Jack Cooley,Defensive
David Wear,Defensive
David Stockton,Offensive
Duje Dukan,Offensive
Malachi Richardson,Offensive
De'Aaron Fox,Offensive
Sasha Vezenkov,Offensive
Eric Mika,Defensive
Cody Demps,Defensive
Terence Davis,Offensive
Jahmi'us Ramsey,Offensive
Robert Woodard II,Defensive
Jordan Ford,Offensive
Ade Murkey,Defensive
Davion Mitchell,Defensive
Keegan Murray,Balanced
Keon Ellis,Defensive
Chima Moneke,Defensive
Colby Jones,Balanced
Jalen Slawson,Defensive
Antonio McDyess,Balanced
Tim Duncan,Balanced
Manu Ginobili,Balanced
Ime Udoka,Defensive
Matt Bonner,Balanced
Derrick Byars,Offensive
Eric Dawson,Defensive
Nando De Colo,Offensive
Brandon Paul,Offensive
Jakob Poeltl,Defensive
Matt Costello,Defensive
Nicolas Laprovittola,Offensive
Keldon Johnson,Balanced
Luka Samanic,Offensive
Devin Vassell,Balanced
Tre Jones,Defensive
Joe Wieskamp,Offensive
D.J. Stewart,Offensive
Malaki Branham,Offensive
Blake Wesley,Offensive
Jeremy Sochan,Defensive
Jordan Hall,Offensive
Dominick Barlow,Defensive
Sidy Cissoko,Defensive
Victor Wembanyama,Balanced
Charles Bediako,Defensive
Sir'Jabari Rice,Offensive
Marcus Banks,Defensive
Ronald Dupree,Defensive
Linas Kleiza,Offensive
Julian Wright,Balanced
Solomon Alabi,Defensive
Lucas Nogueira,Defensive
Malcolm Miller,Defensive
Jordan Loyd,Offensive
O.G. Anunoby,Balanced
Shamorie Ponds,Offensive
Dewan Hernandez,Defensive
Jalen Harris,Offensive
David Johnson,Offensive
Ochai Agbaji,Offensive
Scottie Barnes,Balanced
D.J. Carton,Offensive
Christian Koloko,Defensive
Ron Harper Jr.,Balanced
Javon Freeman-Liberty,Offensive
Mouhamadou Gueye,Defensive
Gradey Dick,Offensive
Markquis Nowell,Offensive
Malik Williams,Defensive
Raja Bell,Defensive
Jamaal Tinsley,Offensive
Blake Ahearn,Offensive
Kyle Weaver,Defensive
Tibor Pleiss,Defensive
Marcus Cousin,Defensive
Kevin Murphy,Offensive
Patrick Christopher,Offensive
Jerrelle Benimon,Balanced
JJ O'Brien,Defensive
Nigel Williams-Goss,Offensive
Erik McCree,Offensive
Justin Wright-Foreman,Offensive
Jarrell Brantley,Defensive
Stanton Kidd,Defensive
Johnny Juzang,Offensive
Walker Kessler,Defensive
Taylor Hendricks,Balanced
Keyonte George,Offensive
Brice Sensabaugh,Offensive
James Singleton,Defensive
Morris Almond,Offensive
Chris Singleton,Defensive
Edwin Ubiles,Offensive
Glen Rice,Offensive
Daniel Ochefu,Defensive
Anzejs Pasecniks,Defensive
Devin Robinson,Balanced
Mike Young,Offensive
Craig Sword,Defensive
Deni Avdija,Balanced
Cassius Winston,Offensive
Isaiah Todd,Offensive
Anthony Gill,Balanced
Joel Ayayi,Balanced
Corey Kispert,Offensive
Jordan Schakel,Offensive
Jamie Echenique,Defensive
Johnny Davis,Balanced
Patrick Baldwin Jr.,Balanced
Jules Bernard,Offensive
Xavier Cooks,Balanced
Bilal Coulibaly,Defensive
Tristan Vukcevic,Offensive
